product_id,name,category,price
1,NeverNumber,Sports,377.5
2,BreakStand,Beauty,306.61
3,BloodKeep,Beauty,147.56
4,InstitutionReality,Beauty,405.58
5,CellFire,Toys,233.18
6,MeanDebate,Sports,455.74
7,ClaimThemselves,Books,446.88
8,AsWe,Home & Kitchen,460.16
9,EconomyDown,Toys,218.81
10,MemorySay,Home & Kitchen,121.52
11,YourselfPossible,Beauty,242.46
12,NationalWhose,Sports,453.0
13,SometimesEnd,Toys,219.85
14,AbleLanguage,Home & Kitchen,5.19
15,IncludeRather,Sports,394.14
16,ThisPrepare,Home & Kitchen,166.71
17,EvenStill,Sports,468.94
18,BusinessAccording,Electronics,14.69
19,GroupWatch,Books,275.67
20,EitherStory,Home & Kitchen,409.07
21,FoodSingle,Clothing,170.18
22,RockExpect,Books,272.24
23,PlayerPlace,Clothing,241.98
24,MeetingFly,Electronics,163.76
25,SiteSix,Clothing,36.43
26,ControlEconomic,Beauty,405.89
27,FundNext,Sports,169.04
28,PartLikely,Electronics,391.24
29,ScientistCharge,Beauty,403.45
30,YardTraditional,Home & Kitchen,247.91
31,NationOption,Home & Kitchen,117.87
32,HearSociety,Toys,31.66
33,SheWonder,Clothing,118.1
34,ItsDeal,Books,99.12
35,NearlyThere,Clothing,374.29
36,SingFree,Electronics,308.04
37,ReportFly,Electronics,246.45
38,ThemselvesMean,Sports,14.92
39,MessageNumber,Electronics,400.12
40,TwoHis,Books,493.82
41,ShowMan,Toys,178.52
42,CharacterProve,Home & Kitchen,187.2
43,ExistRisk,Sports,485.35
44,YardGlass,Books,161.39
45,OwnFund,Toys,20.5
46,FactorThem,Clothing,219.62
47,AudienceParent,Books,192.71
48,PutMessage,Toys,233.59
49,BallArticle,Books,141.11
50,HotSome,Beauty,319.8
51,AttorneyAuthority,Home & Kitchen,160.43
52,AgeChair,Home & Kitchen,18.73
53,SystemExist,Sports,90.27
54,OfficerSix,Electronics,424.96
55,MuchDaughter,Clothing,285.2
56,FeelingStudy,Toys,293.61
57,ReasonBuilding,Clothing,424.1
58,SimilarMouth,Beauty,392.16
59,PageEye,Home & Kitchen,487.36
60,PagePolitical,Electronics,280.49
61,DiscussFocus,Toys,257.93
62,GroupUp,Books,91.95
63,StopVote,Electronics,485.34
64,SupportDirector,Home & Kitchen,268.78
65,SuccessPage,Beauty,127.15
66,HopeStaff,Beauty,246.47
67,TheoryMuch,Books,9.12
68,WhoThought,Home & Kitchen,449.02
69,ProvideInclude,Sports,294.62
70,LeavePlayer,Home & Kitchen,333.1
71,ThoseHot,Toys,300.22
72,CountrySign,Beauty,235.36
73,PoorOther,Electronics,120.44
74,ReduceHome,Home & Kitchen,362.98
75,EatMoment,Home & Kitchen,389.66
76,WhyEntire,Beauty,421.84
77,WhoseOrganization,Electronics,408.07
78,BabyA,Toys,229.46
79,LargeSimply,Home & Kitchen,397.82
80,CompareGas,Beauty,389.43
81,DrawSon,Toys,30.65
82,MiddleSuccessful,Books,161.74
83,CoverSee,Clothing,172.73
84,DiscussionMission,Beauty,364.62
85,YearThroughout,Home & Kitchen,489.5
86,RecordInterview,Electronics,383.95
87,CulturalArticle,Beauty,384.26
88,BornBehind,Beauty,56.85
89,CarChurch,Beauty,463.58
90,PeopleEven,Beauty,40.33
91,ListenGas,Books,313.82
92,LandSomeone,Toys,400.76
93,WarFinish,Sports,205.68
94,ExpertSit,Clothing,278.28
95,LawyerWhom,Home & Kitchen,374.19
96,DetermineEffort,Electronics,342.56
97,WestForget,Clothing,400.46
98,UnitModern,Beauty,237.52
99,GoBlood,Electronics,56.35
100,RegionStar,Electronics,183.64
101,GardenMany,Books,179.58
102,AnyoneAgainst,Toys,90.55
103,HairFinal,Books,305.79
104,OwnerDiscussion,Electronics,468.05
105,ResponseRun,Books,464.52
106,BelieveBeat,Toys,21.87
107,LeaderGood,Beauty,333.86
108,LittleSafe,Electronics,96.35
109,AcrossScore,Beauty,239.15
110,ListenRelate,Toys,14.43
111,RealityModel,Sports,279.49
112,MeasureBuild,Clothing,302.76
113,IndicateSecurity,Electronics,371.36
114,TechnologySuddenly,Books,63.6
115,RecentlyResponse,Home & Kitchen,207.4
116,GameEach,Toys,150.59
117,DebateYoung,Books,277.37
118,ForSeven,Electronics,483.26
119,ParticularlyPolitics,Clothing,216.5
120,SizeTwo,Sports,443.98
121,DrawRisk,Home & Kitchen,120.26
122,NationalTest,Electronics,206.23
123,DebateLine,Beauty,283.78
124,ShoulderBest,Books,370.79
125,CoupleSince,Clothing,269.3
126,ActionMust,Electronics,374.36
127,TotalMember,Electronics,14.76
128,FigureThough,Toys,125.42
129,CameraReason,Clothing,248.1
130,BeatShort,Beauty,15.26
131,ItsBest,Toys,183.24
132,StoreRepublican,Sports,220.58
133,MemoryPrepare,Home & Kitchen,275.96
134,HourUpon,Electronics,150.02
135,StudySeason,Toys,161.85
136,FinallyCommercial,Home & Kitchen,37.51
137,SpaceDecade,Beauty,10.27
138,OccurThought,Clothing,46.87
139,InvestmentLetter,Sports,329.05
140,StandYet,Books,18.47
141,CongressNo,Home & Kitchen,446.12
142,LongWhen,Home & Kitchen,448.77
143,ChallengeDesign,Beauty,380.08
144,InvestmentQuite,Sports,113.71
145,BehaviorInvestment,Books,448.86
146,SuddenlySpecial,Books,467.22
147,MeCampaign,Beauty,444.37
148,SportAction,Sports,228.19
149,WhoseAll,Electronics,403.91
150,CultureLeg,Clothing,411.67
151,FundLaugh,Clothing,469.25
152,StoryEvent,Toys,495.88
153,CustomerNow,Books,131.61
154,ActivityPolitical,Books,239.09
155,BankEducation,Home & Kitchen,44.0
156,BuildingMe,Beauty,148.23
157,ProveSend,Books,117.33
158,BagMore,Clothing,257.26
159,BloodSon,Toys,153.61
160,ThusMedia,Beauty,258.0
161,TendTen,Sports,311.44
162,LawScientist,Books,261.87
163,AlsoFine,Clothing,479.43
164,MeasureFrom,Clothing,74.14
165,SingleWithout,Beauty,77.6
166,ChoiceGas,Clothing,428.01
167,GoodOff,Beauty,383.57
168,AreaFloor,Books,131.42
169,ThrowGuess,Beauty,334.83
170,NearlyEffort,Sports,323.62
171,OfficeRelate,Home & Kitchen,162.17
172,UnitReach,Clothing,101.15
173,AgeThey,Sports,165.3
174,HappenUse,Home & Kitchen,31.77
175,FillSure,Toys,416.52
176,PurposeFall,Home & Kitchen,15.44
177,QuiteScientist,Sports,159.66
178,EconomicProvide,Sports,120.34
179,BenefitInterview,Beauty,185.64
180,FoodTechnology,Beauty,174.05
181,MoreHusband,Clothing,327.39
182,FullEvent,Clothing,219.98
183,UsWhich,Home & Kitchen,464.52
184,RichAttention,Clothing,100.65
185,PlaceWhat,Electronics,257.99
186,SoldierQuestion,Beauty,407.46
187,StudentProbably,Beauty,110.3
188,HomeOr,Electronics,446.42
189,AudienceWith,Toys,432.19
190,GirlAddress,Toys,394.54
191,DropSource,Sports,262.84
192,GovernmentSure,Home & Kitchen,416.63
193,WeekOut,Beauty,438.28
194,IssueRecently,Sports,313.56
195,ActCheck,Clothing,293.83
196,FeelMost,Home & Kitchen,45.03
197,ReallyParticular,Electronics,17.79
198,SoonWant,Home & Kitchen,209.57
199,CertainMeasure,Beauty,244.94
200,UpBack,Electronics,380.27
